Feature Name,Feature Rank,Was Selected,Feature Importance
HPA039835_SBA4_rep1,1,True,0.06182071939110756
HPA024575_SBA4_rep1,1,True,0.05967159941792488
HPA002643_SBA3_rep1,1,True,0.05564279481768608
HPA004754_SBA4_rep1,1,True,0.034503258764743805
HPA053793_SBA1_rep1,1,True,0.032225351780653
HPA023886_SBA2_rep1,1,True,0.03107776865363121
HPA019259_SBA4_rep1,1,True,0.02938014827668667
HPA038892_SBA1_rep1,1,True,0.029001614078879356
HPA036655_SBA4_rep1,1,True,0.02743028663098812
HPA007982_SBA4_rep1,1,True,0.02520168013870716
HPA068768_SBA1_rep1,1,True,0.02500632219016552
HPA051370_SBA3_rep1,1,True,0.0249935369938612
HPA077546_SBA1_rep1,1,True,0.023964691907167435
HPA044840_SBA2_rep1,1,True,0.023269416764378548
HPA039363_SBA1_rep1,1,True,0.02253008633852005
HPA048684_SBA1_rep1,1,True,0.020111115649342537
HPA063324_SBA1_rep1,1,True,0.01983974687755108
HPA000898_SBA1_rep1,1,True,0.01702875830233097
HPA006964_SBA2_rep1,1,True,0.01664002425968647
HPA038751_SBA1_rep1,1,True,0.01620529778301716
HPA030877_SBA1_rep1,1,True,0.015500897541642189
HPA024468_SBA4_rep1,1,True,0.013248746283352375
HPA056371_SBA2_rep1,1,True,0.012639538384974003
Age,1,True,0.012447762303054333
HPA044810_SBA1_rep1,1,True,0.012294967658817768
HPA004178_SBA3_rep1,1,True,0.012230727821588516
HPA047171_SBA3_rep1,1,True,0.011862973682582378
HPA063011_SBA1_rep1,1,True,0.010914076119661331
HPA036540_SBA1_rep1,1,True,0.010548673570156097
HPA019095_SBA2_rep1,1,True,0.010328917764127254
HPA071007_SBA4_rep1,1,True,0.010206224396824837
HPA029304_SBA1_rep1,1,True,0.009823126718401909
HPA069328_SBA1_rep1,1,True,0.009357391856610775
HPA001079_SBA1_rep1,1,True,0.009140992537140846
HPA070952_SBA3_rep1,1,True,0.00895204022526741
HPA030048_SBA1_rep1,1,True,0.008816157467663288
HPA036647_SBA1_rep1,1,True,0.008647524751722813
HPA034492_SBA1_rep1,1,True,0.008243637159466743
HPA079570_SBA4_rep1,1,True,0.007761652581393719
HPA003282_SBA2_rep1,1,True,0.0076145511120557785
HPA071175_SBA4_rep1,1,True,0.007536172401160002
HPA046579_SBA2_rep1,1,True,0.007518310099840164
HPA071406_SBA2_rep1,1,True,0.0074526057578623295
HPA035029_SBA4_rep1,1,True,0.007165717426687479
HPA070283_SBA4_rep1,1,True,0.006997921038419008
HPA041390_SBA1_rep1,1,True,0.006904467474669218
HPA069515_SBA1_rep1,1,True,0.006859138607978821
HPA009680_SBA3_rep1,1,True,0.006634850520640612
HPA035661_SBA4_rep1,1,True,0.006518274080008268
HPA022271_SBA1_rep1,1,True,0.006309543736279011
HPA070467_SBA1_rep1,1,True,0.0062779150903224945
HPA043015_SBA3_rep1,1,True,0.005935967899858952
HPA005654_SBA2_rep1,1,True,0.005739973857998848
HPA067758_SBA1_rep1,1,True,0.00573776476085186
HPA008992_SBA4_rep1,1,True,0.005379636771976948
HPA063275_SBA2_rep1,1,True,0.0053610303439199924
HPA050459_SBA1_rep1,1,True,0.005335851572453976
HPA027045_SBA1_rep1,1,True,0.005279486067593098
HPA028487_SBA2_rep1,1,True,0.00527441781014204
HPA029005_SBA1_rep1,1,True,0.005168151576071978
HPA042940_SBA3_rep1,1,True,0.004827714990824461
HPA002740_SBA4_rep1,1,True,0.004525874741375446
HPA028897_SBA2_rep1,1,True,0.004253223538398743
HPA012930_SBA4_rep1,1,True,0.004244268871843815
HPA030582_SBA1_rep1,1,True,0.003606657264754176
HPA014355_SBA4_rep1,1,True,0.003264219732955098
HPA059367_SBA1_rep1,1,True,0.003261259291321039
HPA005997_SBA4_rep1,1,True,0.0032429613638669252
HPA047720_SBA3_rep1,1,True,0.0031276738736778498
HPA055478_SBA3_rep1,1,True,0.003073561703786254
HPA032001_SBA4_rep1,1,True,0.0026773163117468357
HPA011220_SBA2_rep1,1,True,0.0026742899790406227
HPA018534_SBA1_rep1,1,True,0.002465491183102131
HPA015774_SBA3_rep1,1,True,0.002243750961497426
HPA006983_SBA4_rep1,1,True,0.002088983776047826
HPA046635_SBA3_rep1,1,True,0.0018278940115123987
HPA069320_SBA1_rep1,1,True,0.0018231532303616405
HPA053470_SBA3_rep1,1,True,0.0015486659249290824
HPA052258_SBA3_rep1,1,True,0.0015228979755192995
HPA051409_SBA3_rep1,1,True,0.0014798269839957356
HPA042581_SBA3_rep1,1,True,0.0014785095117986202
HPA072453_SBA1_rep1,1,True,0.0013665780425071716
HPA010088_SBA1_rep1,1,True,0.0012664695968851447
HPA035143_SBA1_rep1,1,True,0.001261232071556151
HPA047248_SBA3_rep1,1,True,0.0012132038827985525
HPA019511_SBA4_rep1,1,True,0.0010856726439669728
HPA064686_SBA2_rep1,1,True,0.0010766756022349
HPA064870_SBA4_rep1,1,True,0.0009896705159917474
HPA054622_SBA3_rep1,1,True,0.0009703869582153857
HPA054508_SBA3_rep1,2,False,
HPA014404_SBA2_rep1,3,False,
HPA067531_SBA4_rep1,4,False,
HPA053229_SBA2_rep1,5,False,
HPA004478_SBA4_rep1,6,False,
HPA042869_SBA3_rep1,7,False,
HPA069693_SBA3_rep1,8,False,
HPA018803_SBA2_rep1,9,False,
HPA037756_SBA1_rep1,10,False,
HPA049749_SBA3_rep1,11,False,
HPA026883_SBA2_rep1,12,False,
HPA040719_SBA4_rep1,13,False,
HPA007729_SBA3_rep1,14,False,
HPA077678_SBA1_rep1,15,False,
HPA009674_SBA3_rep1,16,False,
HPA001061_SBA4_rep1,17,False,
HPA020925_SBA3_rep1,18,False,
HPA001395_SBA3_rep1,19,False,
HPA051767_SBA4_rep1,20,False,
HPA019105_SBA2_rep1,21,False,
HPA022128_SBA2_rep1,22,False,
HPA006741_SBA4_rep1,23,False,
HPA048738_SBA3_rep1,24,False,
HPA042330_SBA3_rep1,25,False,
HPA031314_SBA4_rep1,26,False,
HPA003903_SBA1_rep1,27,False,
HPA072480_SBA3_rep1,28,False,
HPA004248_SBA4_rep1,29,False,
HPA018519_SBA4_rep1,30,False,
HPA074638_SBA1_rep1,31,False,
HPA071200_SBA4_rep1,32,False,
HPA004426_SBA1_rep1,33,False,
HPA051476_SBA3_rep1,34,False,
HPA034631_SBA1_rep1,35,False,
HPA051326_SBA4_rep1,36,False,
HPA040520_SBA1_rep1,37,False,
HPA061286_SBA1_rep1,38,False,
HPA020382_SBA3_rep1,39,False,
HPA013398_SBA1_rep1,40,False,
HPA017380_SBA2_rep1,41,False,
HPA028906_SBA1_rep1,42,False,
HPA005825_SBA4_rep1,43,False,
HPA047290_SBA2_rep1,44,False,
HPA048592_SBA1_rep1,45,False,
HPA012323_SBA2_rep1,46,False,
HPA068812_SBA1_rep1,47,False,
HPA001818_SBA1_rep1,48,False,
HPA064998_SBA1_rep1,49,False,
HPA065025_SBA3_rep1,50,False,
HPA076029_SBA2_rep1,51,False,
HPA035578_SBA1_rep1,52,False,
HPA031265_SBA1_rep1,53,False,
HPA004823_SBA3_rep1,54,False,
HPA028392_SBA2_rep1,55,False,
HPA069564_SBA4_rep1,56,False,
HPA068898_SBA3_rep1,57,False,
HPA021771_SBA2_rep1,58,False,
HPA054030_SBA3_rep1,59,False,
HPA059739_SBA3_rep1,60,False,
HPA064207_SBA1_rep1,61,False,
HPA002927_SBA2_rep1,62,False,
HPA026483_SBA2_rep1,63,False,
HPA016800_SBA2_rep1,64,False,
HPA040126_SBA4_rep1,65,False,
HPA001412_SBA3_rep1,66,False,
HPA043761_SBA4_rep1,67,False,
HPA041863_SBA3_rep1,68,False,
HPA030497_SBA4_rep1,69,False,
HPA051210_SBA3_rep1,70,False,
HPA061845_SBA4_rep1,71,False,
HPA046979_SBA4_rep1,72,False,
HPA001524_SBA2_rep1,73,False,
HPA029198_SBA1_rep1,74,False,
HPA068400_SBA1_rep1,75,False,
HPA050798_SBA3_rep1,76,False,
HPA053140_SBA3_rep1,77,False,
HPA054094_SBA4_rep1,78,False,
HPA012107_SBA2_rep1,79,False,
HPA038013_SBA1_rep1,80,False,
HPA047917_SBA3_rep1,81,False,
HPA057142_SBA1_rep1,82,False,
HPA075201_SBA4_rep1,83,False,
HPA061383_SBA1_rep1,84,False,
HPA008126_SBA3_rep1,85,False,
HPA039785_SBA3_rep1,86,False,
HPA040264_SBA1_rep1,87,False,
HPA024006_SBA1_rep1,88,False,
HPA017957_SBA4_rep1,89,False,
HPA001522_SBA4_rep1,90,False,
HPA066055_SBA3_rep1,91,False,
HPA032081_SBA3_rep1,92,False,
HPA069609_SBA1_rep1,93,False,
HPA058481_SBA2_rep1,94,False,
HPA000905_SBA2_rep1,95,False,
HPA014272_SBA3_rep1,96,False,
HPA006660_SBA3_rep1,97,False,
HPA071263_SBA4_rep1,98,False,
HPA017917_SBA1_rep1,99,False,
HPA028997_SBA2_rep1,100,False,
HPA064801_SBA3_rep1,101,False,
HPA004177_SBA4_rep1,102,False,
HPA001425_SBA2_rep1,103,False,
HPA044540_SBA3_rep1,104,False,
HPA046972_SBA3_rep1,105,False,
HPA076843_SBA3_rep1,106,False,
HPA073918_SBA3_rep1,107,False,
HPA041487_SBA3_rep1,108,False,
HPA007494_SBA1_rep1,109,False,
HPA047213_SBA4_rep1,110,False,
HPA040323_SBA1_rep1,111,False,
HPA014295_SBA2_rep1,112,False,
HPA077819_SBA2_rep1,113,False,
HPA006965_SBA4_rep1,114,False,
HPA010638_SBA3_rep1,115,False,
HPA043368_SBA1_rep1,116,False,
HPA057596_SBA4_rep1,117,False,
HPA041884_SBA3_rep1,118,False,
HPA066899_SBA3_rep1,119,False,
HPA058603_SBA4_rep1,120,False,
HPA000685_SBA2_rep1,121,False,
HPA049627_SBA2_rep1,122,False,
HPA029270_SBA4_rep1,123,False,
HPA055202_SBA2_rep1,124,False,
HPA023739_SBA4_rep1,125,False,
HPA030505_SBA1_rep1,126,False,
HPA071013_SBA2_rep1,127,False,
HPA073138_SBA1_rep1,128,False,
HPA035863_SBA4_rep1,129,False,
HPA048982_SBA4_rep1,130,False,
HPA026810_SBA2_rep1,131,False,
HPA053928_SBA1_rep1,132,False,
HPA039325_SBA1_rep1,133,False,
HPA059859_SBA1_rep1,134,False,
HPA014245_SBA1_rep1,135,False,
HPA029944_SBA2_rep1,136,False,
HPA046419_SBA4_rep1,137,False,
HPA051620_SBA4_rep1,138,False,
HPA064978_SBA1_rep1,139,False,
HPA049793_SBA1_rep1,140,False,
HPA003901_SBA4_rep1,141,False,
HPA047839_SBA1_rep1,142,False,
HPA041222_SBA1_rep1,143,False,
HPA037645_SBA1_rep1,144,False,
HPA068399_SBA1_rep1,145,False,
HPA038097_SBA1_rep1,146,False,
HPA054862_SBA4_rep1,147,False,
HPA018297_SBA2_rep1,148,False,
HPA017916_SBA1_rep1,149,False,
HPA044186_SBA4_rep1,150,False,
HPA029635_SBA1_rep1,151,False,
HPA026322_SBA2_rep1,152,False,
HPA030868_SBA1_rep1,153,False,
HPA026430_SBA4_rep1,154,False,
HPA049320_SBA4_rep1,155,False,
HPA024299_SBA2_rep1,156,False,
HPA051856_SBA1_rep1,157,False,
HPA029480_SBA2_rep1,158,False,
HPA029698_SBA1_rep1,159,False,
HPA006554_SBA1_rep1,160,False,
HPA007305_SBA1_rep1,161,False,
HPA036898_SBA1_rep1,162,False,
HPA036107_SBA1_rep1,163,False,
HPA071456_SBA3_rep1,164,False,
HPA030491_SBA2_rep1,165,False,
HPA029058_SBA1_rep1,166,False,
HPA035982_SBA1_rep1,167,False,
HPA042131_SBA4_rep1,168,False,
HPA001610_SBA3_rep1,169,False,
HPA030929_SBA1_rep1,170,False,
HPA003221_SBA3_rep1,171,False,
HPA030420_SBA1_rep1,172,False,
HPA007556_SBA3_rep1,173,False,
HPA046964_SBA3_rep1,174,False,
HPA018304_SBA2_rep1,175,False,
HPA039291_SBA1_rep1,176,False,
HPA013616_SBA3_rep1,177,False,
HPA028587_SBA2_rep1,178,False,
HPA009025_SBA1_rep1,179,False,
HPA047881_SBA4_rep1,180,False,
HPA054959_SBA3_rep1,181,False,
HPA035241_SBA1_rep1,182,False,
HPA054787_SBA3_rep1,183,False,
HPA006949_SBA4_rep1,184,False,
HPA005537_SBA1_rep1,185,False,
HPA028971_SBA1_rep1,186,False,
HPA007041_SBA2_rep1,187,False,
HPA017287_SBA2_rep1,188,False,
HPA006872_SBA2_rep1,189,False,
HPA036302_SBA1_rep1,190,False,
HPA041086_SBA4_rep1,191,False,
HPA040692_SBA1_rep1,192,False,
HPA003412_SBA3_rep1,193,False,
HPA050069_SBA1_rep1,194,False,
HPA017254_SBA3_rep1,195,False,
HPA030278_SBA1_rep1,196,False,
HPA075088_SBA1_rep1,197,False,
HPA011165_SBA3_rep1,198,False,
HPA005992_SBA3_rep1,199,False,
HPA034607_SBA1_rep1,200,False,
HPA041426_SBA3_rep1,201,False,
HPA038515_SBA1_rep1,202,False,
HPA064231_SBA3_rep1,203,False,
HPA019136_SBA2_rep1,204,False,
HPA027806_SBA4_rep1,205,False,
HPA016607_SBA1_rep1,206,False,
HPA002266_SBA3_rep1,207,False,
HPA041602_SBA1_rep1,208,False,
HPA001538_SBA4_rep1,209,False,
HPA056108_SBA1_rep1,210,False,
HPA064736_SBA3_rep1,211,False,
HPA046428_SBA4_rep1,212,False,
HPA057021_SBA3_rep1,213,False,
HPA031966_SBA1_rep1,214,False,
HPA063369_SBA3_rep1,215,False,
HPA059667_SBA1_rep1,216,False,
HPA068012_SBA3_rep1,217,False,
HPA061424_SBA1_rep1,218,False,
HPA063737_SBA1_rep1,219,False,
HPA050884_SBA4_rep1,220,False,
HPA069945_SBA3_rep1,221,False,
HPA003628_SBA1_rep1,222,False,
HPA030899_SBA1_rep1,223,False,
HPA064954_SBA1_rep1,224,False,
HPA042303_SBA3_rep1,225,False,
HPA041994_SBA4_rep1,226,False,
HPA071177_SBA1_rep1,227,False,
HPA035981_SBA2_rep1,228,False,
HPA066229_SBA1_rep1,229,False,
HPA059515_SBA3_rep1,230,False,
HPA073310_SBA4_rep1,231,False,
HPA010919_SBA2_rep1,232,False,
HPA049231_SBA3_rep1,233,False,
HPA040797_SBA2_rep1,234,False,
HPA041183_SBA4_rep1,235,False,
HPA037603_SBA1_rep1,236,False,
HPA030689_SBA1_rep1,237,False,
HPA001328_SBA1_rep1,238,False,
HPA079244_SBA2_rep1,239,False,
HPA065983_SBA3_rep1,240,False,
HPA019829_SBA3_rep1,241,False,
HPA027366_SBA2_rep1,242,False,
HPA057036_SBA3_rep1,243,False,
HPA071883_SBA1_rep1,244,False,
HPA002832_SBA4_rep1,245,False,
HPA062683_SBA1_rep1,246,False,
HPA035147_SBA4_rep1,247,False,
HPA075911_SBA1_rep1,248,False,
HPA068625_SBA3_rep1,249,False,
HPA066795_SBA1_rep1,250,False,
HPA048459_SBA3_rep1,251,False,
HPA026441_SBA2_rep1,252,False,
HPA049292_SBA3_rep1,253,False,
HPA053905_SBA1_rep1,254,False,
HPA019367_SBA3_rep1,255,False,
HPA071067_SBA4_rep1,256,False,
HPA064033_SBA3_rep1,257,False,
HPA059806_SBA1_rep1,258,False,
HPA059704_SBA3_rep1,259,False,
HPA006198_SBA1_rep1,260,False,
HPA023977_SBA2_rep1,261,False,
HPA028185_SBA2_rep1,262,False,
HPA050392_SBA1_rep1,263,False,
HPA019654_SBA2_rep1,264,False,
HPA040052_SBA4_rep1,265,False,
HPA041542_SBA4_rep1,266,False,
HPA044582_SBA4_rep1,267,False,
HPA002990_SBA3_rep1,268,False,
HPA012047_SBA1_rep1,269,False,
HPA020518_SBA2_rep1,270,False,
HPA057792_SBA1_rep1,271,False,
HPA005724_SBA3_rep1,272,False,
HPA006360_SBA1_rep1,273,False,
HPA045702_SBA4_rep1,274,False,
HPA053140_SBA3_rep2,275,False,
HPA056838_SBA1_rep1,276,False,
HPA066095_SBA1_rep1,277,False,
HPA004182_SBA1_rep1,278,False,
HPA066898_SBA2_rep1,279,False,
HPA017959_SBA1_rep1,280,False,
HPA055490_SBA2_rep1,281,False,
HPA063793_SBA1_rep1,282,False,
HPA008395_SBA2_rep1,283,False,
HPA064946_SBA1_rep1,284,False,
HPA015584_SBA2_rep1,285,False,
HPA066703_SBA1_rep1,286,False,
HPA026809_SBA2_rep1,287,False,
HPA069327_SBA1_rep1,288,False,
HPA049550_SBA2_rep1,289,False,
HPA007119_SBA1_rep1,290,False,
HPA073827_SBA2_rep1,291,False,
HPA070841_SBA1_rep1,292,False,
HPA051694_SBA2_rep1,293,False,
HPA069474_SBA1_rep1,294,False,
HPA001671_SBA4_rep1,295,False,
Empty_SBA4_rep1,296,False,
HPA051256_SBA3_rep1,297,False,
HPA066218_SBA3_rep1,298,False,
HPA040591_SBA3_rep1,299,False,
HPA068951_SBA1_rep1,300,False,
HPA050998_SBA3_rep1,301,False,
HPA072123_SBA1_rep1,302,False,
HPA073213_SBA3_rep1,303,False,
HPA067760_SBA1_rep1,304,False,
HPA051895_SBA3_rep1,305,False,
HPA075175_SBA1_rep1,306,False,
HPA001914_SBA1_rep1,307,False,
HPA076029_SBA4_rep1,308,False,
HPA021230_SBA3_rep1,309,False,
HPA052621_SBA1_rep1,310,False,
HPA021337_SBA3_rep1,311,False,
HPA003941_SBA1_rep1,312,False,
HPA046960_SBA3_rep1,313,False,
HPA054811_SBA1_rep1,314,False,
HPA063169_SBA3_rep1,315,False,
HPA062890_SBA1_rep1,316,False,
HPA040652_SBA1_rep1,317,False,
HPA004794_SBA3_rep1,318,False,
HPA008786_SBA3_rep1,319,False,
HPA024661_SBA1_rep1,320,False,
HPA008422_SBA1_rep1,321,False,
HPA067430_SBA1_rep1,322,False,
HPA063142_SBA1_rep1,323,False,
HPA060030_SBA1_rep1,324,False,
HPA018795_SBA2_rep1,325,False,
HPA050843_SBA3_rep1,326,False,
HPA028414_SBA2_rep1,327,False,
HPA016564_SBA2_rep1,328,False,
HPA004890_SBA2_rep1,329,False,
HPA006493_SBA3_rep1,330,False,
HPA004749_SBA1_rep1,331,False,
HPA008425_SBA3_rep1,332,False,
HPA066836_SBA1_rep1,333,False,
HPA008001_SBA3_rep1,334,False,
HPA008918_SBA4_rep1,335,False,
HPA001410_SBA3_rep1,336,False,
HPA066302_SBA1_rep1,337,False,
HPA068925_SBA1_rep1,338,False,
HPA002803_SBA2_rep1,339,False,
HPA005823_SBA3_rep1,340,False,
HPA025967_SBA2_rep1,341,False,
HPA067249_SBA3_rep1,342,False,
HPA024470_SBA2_rep1,343,False,
HPA064640_SBA3_rep1,344,False,
HPA019522_SBA2_rep1,345,False,
HPA060707_SBA3_rep1,346,False,
HPA027144_SBA2_rep1,347,False,
HPA053194_SBA3_rep1,348,False,
HPA028549_SBA2_rep1,349,False,
HPA003280_SBA3_rep1,350,False,
HPA003909_SBA3_rep1,351,False,
HPA002981_SBA3_rep1,352,False,
HPA039227_SBA1_rep1,353,False,
HPA039695_SBA1_rep1,354,False,
HPA041524_SBA2_rep1,355,False,
HPA046431_SBA3_rep1,356,False,
HPA010631_SBA3_rep1,357,False,
HPA044090_SBA1_rep1,358,False,
HPA028827_SBA2_rep1,359,False,
HPA008455_SBA3_rep1,360,False,
HPA020952_SBA2_rep1,361,False,
HPA043343_SBA3_rep1,362,False,
HPA011029_SBA3_rep1,363,False,
HPA034749_SBA1_rep1,364,False,
HPA021407_SBA2_rep1,365,False,
HPA045409_SBA2_rep1,366,False,
HPA046135_SBA4_rep1,367,False,
HPA014326_SBA4_rep1,368,False,
HPA038241_SBA1_rep1,369,False,
HPA071467_SBA3_rep1,370,False,
HPA066235_SBA1_rep1,371,False,
HPA058123_SBA3_rep1,372,False,
HPA005835_SBA3_rep1,373,False,
HPA061223_SBA1_rep1,374,False,
HPA007667_SBA3_rep1,375,False,
HPA063247_SBA1_rep1,376,False,
HPA002925_SBA3_rep1,377,False,
HPA063202_SBA1_rep1,378,False,
HPA041551_SBA1_rep1,379,False,
HPA036298_SBA3_rep1,380,False,
HPA008130_SBA3_rep1,381,False,
HPA067889_SBA1_rep1,382,False,
HPA001844_SBA3_rep1,383,False,
HPA077243_SBA1_rep1,384,False,
HPA043766_SBA1_rep1,385,False,
HPA012692_SBA3_rep1,386,False,
HPA010739_SBA3_rep1,387,False,
HPA050811_SBA1_rep1,388,False,
HPA004732_SBA3_rep1,389,False,
HPA029207_SBA1_rep1,390,False,
HPA012113_SBA3_rep1,391,False,
HPA031162_SBA1_rep1,392,False,
HPA012016_SBA3_rep1,393,False,
HPA052799_SBA1_rep1,394,False,
HPA014246_SBA3_rep1,395,False,
HPA015601_SBA1_rep1,396,False,
HPA016754_SBA3_rep1,397,False,
HPA003223_SBA3_rep1,398,False,
HPA058058_SBA3_rep1,399,False,
HPA068364_SBA4_rep1,400,False,
HPA030631_SBA3_rep1,401,False,
HPA030443_SBA1_rep1,402,False,
HPA060740_SBA1_rep1,403,False,
HPA017172_SBA1_rep1,404,False,
HPA046710_SBA1_rep1,405,False,
HPA024554_SBA1_rep1,406,False,
HPA022853_SBA2_rep1,407,False,
HPA054562_SBA3_rep1,408,False,
HPA071472_SBA3_rep1,409,False,
HPA072674_SBA1_rep1,410,False,
HPA018493_SBA2_rep1,411,False,
HPA068496_SBA4_rep1,412,False,
HPA069976_SBA3_rep1,413,False,
HPA001765_SBA3_rep1,414,False,
HPA054909_SBA3_rep1,415,False,
HPA036082_SBA1_rep1,416,False,
HPA057757_SBA3_rep1,417,False,
HPA038484_SBA1_rep1,418,False,
HPA001308_SBA3_rep1,419,False,
HPA040066_SBA1_rep1,420,False,
HPA043475_SBA4_rep1,421,False,
HPA075782_SBA1_rep1,422,False,
HPA014479_SBA3_rep1,423,False,
HPA042455_SBA1_rep1,424,False,
HPA040147_SBA3_rep1,425,False,
HPA064734_SBA4_rep1,426,False,
HPA045218_SBA1_rep1,427,False,
HPA001508_SBA3_rep1,428,False,
HPA046739_SBA1_rep1,429,False,
HPA049855_SBA3_rep1,430,False,
HPA043780_SBA3_rep1,431,False,
HPA078841_SBA3_rep1,432,False,
HPA051369_SBA1_rep1,433,False,
Empty_SBA3_rep1,434,False,
HPA029752_SBA1_rep1,435,False,
HPA018990_SBA3_rep1,436,False,
HPA055938_SBA1_rep1,437,False,
HPA013566_SBA3_rep1,438,False,
HPA036287_SBA1_rep1,439,False,
HPA039365_SBA3_rep1,440,False,
HPA060756_SBA1_rep1,441,False,
HPA047979_SBA3_rep1,442,False,
HPA011138_SBA1_rep1,443,False,
HPA064163_SBA3_rep1,444,False,
HPA073447_SBA3_rep1,445,False,
HPA051805_SBA3_rep1,446,False,
HPA041755_SBA1_rep1,447,False,
HPA012949_SBA3_rep1,448,False,
HPA044750_SBA1_rep1,449,False,
HPA035939_SBA3_rep1,450,False,
HPA064293_SBA1_rep1,451,False,
HPA046370_SBA3_rep1,452,False,
HPA046846_SBA1_rep1,453,False,
HPA062736_SBA3_rep1,454,False,
HPA017864_SBA1_rep1,455,False,
HPA072450_SBA3_rep1,456,False,
HPA008315_SBA1_rep1,457,False,
HPA042441_SBA3_rep1,458,False,
HPA035675_SBA1_rep1,459,False,
HPA049838_SBA3_rep1,460,False,
HPA037646_SBA1_rep1,461,False,
HPA002815_SBA3_rep1,462,False,
HPA044572_SBA3_rep1,463,False,
HPA021939_SBA1_rep1,464,False,
HPA006666_SBA4_rep1,465,False,
HPA042953_SBA1_rep1,466,False,
HPA008880_SBA4_rep1,467,False,
HPA023542_SBA1_rep1,468,False,
HPA015109_SBA4_rep1,469,False,
HPA023739_SBA1_rep1,470,False,
HPA003157_SBA4_rep1,471,False,
HPA046930_SBA1_rep1,472,False,
HPA001888_SBA4_rep1,473,False,
HPA036074_SBA1_rep1,474,False,
HPA035615_SBA1_rep1,475,False,
HPA021760_SBA1_rep1,476,False,
HPA034544_SBA1_rep1,477,False,
HPA026481_SBA1_rep1,478,False,
HPA005554_SBA3_rep1,479,False,
HPA027806_SBA1_rep1,480,False,
HPA054359_SBA3_rep1,481,False,
HPA027873_SBA1_rep1,482,False,
HPA050678_SBA3_rep1,483,False,
HPA024190_SBA1_rep1,484,False,
HPA007637_SBA4_rep1,485,False,
HPA036405_SBA1_rep1,486,False,
HPA013159_SBA4_rep1,487,False,
HPA035802_SBA1_rep1,488,False,
HPA026918_SBA1_rep1,489,False,
HPA040809_SBA1_rep1,490,False,
HPA029957_SBA4_rep1,491,False,
HPA076029_SBA1_rep1,492,False,
HPA067450_SBA4_rep1,493,False,
HPA028420_SBA1_rep1,494,False,
HPA031069_SBA1_rep1,495,False,
HPA030401_SBA1_rep1,496,False,
HPA032047_SBA2_rep1,497,False,
HPA027806_SBA2_rep1,498,False,
HPA029237_SBA4_rep1,499,False,
HPA036336_SBA4_rep1,500,False,
HPA020433_SBA2_rep1,501,False,
HPA041061_SBA4_rep1,502,False,
HPA027301_SBA2_rep1,503,False,
HPA051979_SBA4_rep1,504,False,
HPA012542_SBA2_rep1,505,False,
HPA003049_SBA4_rep1,506,False,
HPA073028_SBA3_rep1,507,False,
HPA003925_SBA4_rep1,508,False,
HPA037429_SBA1_rep1,509,False,
HPA004252_SBA4_rep1,510,False,
HPA039464_SBA1_rep1,511,False,
HPA035434_SBA4_rep1,512,False,
HPA041082_SBA1_rep1,513,False,
HPA035715_SBA4_rep1,514,False,
HPA054825_SBA4_rep1,515,False,
HPA067809_SBA3_rep1,516,False,
HPA072225_SBA3_rep1,517,False,
HPA041598_SBA1_rep1,518,False,
HPA008853_SBA1_rep1,519,False,
HPA029718_SBA1_rep1,520,False,
HPA029853_SBA1_rep1,521,False,
HPA043598_SBA3_rep1,522,False,
HPA031060_SBA1_rep1,523,False,
HPA045794_SBA3_rep1,524,False,
HPA044107_SBA3_rep1,525,False,
HPA032022_SBA1_rep1,526,False,
HPA056385_SBA3_rep1,527,False,
HPA035301_SBA1_rep1,528,False,
HPA068464_SBA4_rep1,529,False,
HPA036325_SBA1_rep1,530,False,
HPA071026_SBA4_rep1,531,False,
HPA037539_SBA1_rep1,532,False,
HPA072575_SBA4_rep1,533,False,
HPA038283_SBA1_rep1,534,False,
HPA064300_SBA4_rep1,535,False,
HPA039480_SBA1_rep1,536,False,
HPA038059_SBA1_rep1,537,False,
HPA001474_SBA1_rep1,538,False,
HPA038315_SBA2_rep1,539,False,
HPA017899_SBA4_rep1,540,False,
HPA001804_SBA2_rep1,541,False,
HPA026307_SBA2_rep1,542,False,
HPA029145_SBA4_rep1,543,False,
HPA035832_SBA4_rep1,544,False,
HPA051132_SBA3_rep1,545,False,
HPA051290_SBA3_rep1,546,False,
HPA060532_SBA3_rep1,547,False,
HPA065978_SBA1_rep1,548,False,
HPA066857_SBA3_rep1,549,False,
HPA067873_SBA3_rep1,550,False,
HPA036287_SBA3_rep1,551,False,
HPA018479_SBA1_rep1,552,False,
HPA069094_SBA3_rep1,553,False,
HPA055778_SBA3_rep1,554,False,
HPA001909_SBA1_rep1,555,False,
HPA072754_SBA1_rep1,556,False,
HPA050917_SBA3_rep1,557,False,
HPA057776_SBA3_rep1,558,False,
HPA002891_SBA1_rep1,559,False,
HPA006313_SBA1_rep1,560,False,
HPA067971_SBA3_rep1,561,False,
HPA078003_SBA1_rep1,562,False,
HPA019885_SBA1_rep1,563,False,
HPA006293_SBA4_rep1,564,False,
HPA042991_SBA3_rep1,565,False,
HPA017430_SBA2_rep1,566,False,
HPA047151_SBA3_rep1,567,False,
HPA019467_SBA2_rep1,568,False,
HPA023238_SBA2_rep1,569,False,
HPA003901_SBA1_rep1,570,False,
HPA057179_SBA1_rep1,571,False,
HPA054719_SBA3_rep1,572,False,
HPA000635_SBA1_rep1,573,False,
HPA036287_SBA2_rep1,574,False,
HPA042555_SBA4_rep1,575,False,
HPA024704_SBA2_rep1,576,False,
HPA079325_SBA4_rep1,577,False,
HPA018885_SBA2_rep1,578,False,
HPA004247_SBA3_rep1,579,False,
HPA045339_SBA3_rep1,580,False,
HPA067869_SBA1_rep1,581,False,
HPA043060_SBA3_rep1,582,False,
HPA069570_SBA1_rep1,583,False,
HPA031404_SBA3_rep1,584,False,
HPA071203_SBA1_rep1,585,False,
HPA037738_SBA3_rep1,586,False,
HPA073031_SBA1_rep1,587,False,
HPA041778_SBA3_rep1,588,False,
HPA003404_SBA4_rep1,589,False,
HPA023342_SBA1_rep1,590,False,
HPA004120_SBA4_rep1,591,False,
HPA021368_SBA2_rep1,592,False,
HPA014155_SBA4_rep1,593,False,
HPA022012_SBA2_rep1,594,False,
HPA030521_SBA4_rep1,595,False,
HPA001373_SBA4_rep1,596,False,
HPA053761_SBA3_rep1,597,False,
HPA044758_SBA3_rep1,598,False,
HPA031962_SBA3_rep1,599,False,
HPA021513_SBA3_rep1,600,False,
HPA036305_SBA1_rep1,601,False,
HPA063353_SBA4_rep1,602,False,
HPA034743_SBA1_rep1,603,False,
HPA065537_SBA4_rep1,604,False,
HPA024032_SBA1_rep1,605,False,
HPA070609_SBA4_rep1,606,False,
HPA041370_SBA1_rep1,607,False,
HPA066440_SBA4_rep1,608,False,
HPA043322_SBA1_rep1,609,False,
HPA040652_SBA4_rep1,610,False,
HPA044682_SBA1_rep1,611,False,
HPA041471_SBA4_rep1,612,False,
HPA045563_SBA1_rep1,613,False,
HPA004856_SBA4_rep1,614,False,
HPA027305_SBA1_rep1,615,False,
HPA042818_SBA4_rep1,616,False,
HPA026720_SBA1_rep1,617,False,
HPA010634_SBA1_rep1,618,False,
HPA028383_SBA1_rep1,619,False,
HPA008241_SBA2_rep1,620,False,
HPA004471_SBA3_rep1,621,False,
HPA036287_SBA4_rep1,622,False,
HPA064532_SBA3_rep1,623,False,
HPA044105_SBA4_rep1,624,False,
HPA036992_SBA1_rep1,625,False,
HPA054246_SBA4_rep1,626,False,
HPA001335_SBA1_rep1,627,False,
HPA068907_SBA4_rep1,628,False,
HPA038789_SBA1_rep1,629,False,
HPA074396_SBA4_rep1,630,False,
HPA053903_SBA3_rep1,631,False,
HPA000980_SBA2_rep1,632,False,
HPA058561_SBA3_rep1,633,False,
HPA004428_SBA2_rep1,634,False,
HPA060715_SBA3_rep1,635,False,
HPA000293_SBA2_rep1,636,False,
HPA044394_SBA3_rep1,637,False,
HPA009433_SBA2_rep1,638,False,
HPA067252_SBA3_rep1,639,False,
HPA012014_SBA2_rep1,640,False,
HPA071220_SBA3_rep1,641,False,
HPA013949_SBA2_rep1,642,False,
HPA051244_SBA3_rep1,643,False,
HPA017087_SBA2_rep1,644,False,
HPA049447_SBA3_rep1,645,False,
HPA019371_SBA2_rep1,646,False,
HPA044895_SBA3_rep1,647,False,
HPA021808_SBA2_rep1,648,False,
HPA059155_SBA3_rep1,649,False,
HPA025735_SBA2_rep1,650,False,
HPA059130_SBA3_rep1,651,False,
HPA027614_SBA2_rep1,652,False,
HPA063285_SBA3_rep1,653,False,
HPA001426_SBA2_rep1,654,False,
HPA065908_SBA3_rep1,655,False,
HPA001252_SBA2_rep1,656,False,
HPA063879_SBA4_rep1,657,False,
HPA003014_SBA2_rep1,658,False,
HPA005750_SBA2_rep1,659,False,
HPA072634_SBA2_rep1,660,False,
HPA003066_SBA2_rep1,661,False,
HPA009426_SBA2_rep1,662,False,
HPA042620_SBA3_rep1,663,False,
HPA006295_SBA4_rep1,664,False,
HPA012720_SBA2_rep1,665,False,
HPA010553_SBA2_rep1,666,False,
HPA064145_SBA4_rep1,667,False,
HPA069590_SBA2_rep1,668,False,
HPA045292_SBA3_rep1,669,False,
HPA054091_SBA2_rep1,670,False,
HPA006295_SBA3_rep1,671,False,
HPA069832_SBA2_rep1,672,False,
HPA049145_SBA4_rep1,673,False,
HPA070538_SBA4_rep1,674,False,
HPA025958_SBA2_rep1,675,False,
HPA017955_SBA2_rep1,676,False,
HPA067494_SBA4_rep1,677,False,
HPA073100_SBA3_rep1,678,False,
HPA030278_SBA2_rep1,679,False,
HPA027999_SBA4_rep1,680,False,
HPA001820_SBA2_rep1,681,False,
HPA045654_SBA3_rep1,682,False,
HPA007338_SBA2_rep1,683,False,
HPA047139_SBA3_rep1,684,False,
HPA007987_SBA2_rep1,685,False,
HPA050092_SBA3_rep1,686,False,
HPA011316_SBA2_rep1,687,False,
HPA071262_SBA2_rep1,688,False,
HPA012306_SBA4_rep1,689,False,
HPA027526_SBA4_rep1,690,False,
HPA014572_SBA2_rep1,691,False,
HPA045396_SBA3_rep1,692,False,
HPA017377_SBA2_rep1,693,False,
HPA005731_SBA3_rep1,694,False,
HPA020092_SBA2_rep1,695,False,
HPA047776_SBA3_rep1,696,False,
HPA022840_SBA2_rep1,697,False,
HPA008823_SBA4_rep1,698,False,
HPA026681_SBA2_rep1,699,False,
HPA073315_SBA3_rep1,700,False,
HPA027852_SBA2_rep1,701,False,
HPA055244_SBA3_rep1,702,False,
HPA003246_SBA2_rep1,703,False,
HPA040842_SBA3_rep1,704,False,
HPA004932_SBA2_rep1,705,False,
HPA041790_SBA3_rep1,706,False,
HPA006700_SBA2_rep1,707,False,
HPA004190_SBA3_rep1,708,False,
HPA008188_SBA2_rep1,709,False,
HPA044620_SBA3_rep1,710,False,
HPA066026_SBA4_rep1,711,False,
HPA038887_SBA2_rep1,712,False,
HPA006880_SBA3_rep1,713,False,
HPA051702_SBA4_rep1,714,False,
HPA016421_SBA2_rep1,715,False,
HPA058346_SBA2_rep1,716,False,
HPA060871_SBA4_rep1,717,False,
HPA060604_SBA2_rep1,718,False,
HPA054758_SBA4_rep1,719,False,
HPA064007_SBA2_rep1,720,False,
HPA053149_SBA3_rep1,721,False,
HPA073843_SBA3_rep1,722,False,
HPA029501_SBA2_rep1,723,False,
HPA055767_SBA3_rep1,724,False,
HPA003440_SBA2_rep1,725,False,
HPA042705_SBA3_rep1,726,False,
HPA005131_SBA2_rep1,727,False,
HPA044605_SBA3_rep1,728,False,
HPA006632_SBA2_rep1,729,False,
HPA044849_SBA3_rep1,730,False,
HPA008338_SBA2_rep1,731,False,
HPA007266_SBA3_rep1,732,False,
HPA012130_SBA2_rep1,733,False,
HPA047729_SBA3_rep1,734,False,
HPA012531_SBA2_rep1,735,False,
HPA069126_SBA2_rep1,736,False,
HPA073984_SBA3_rep1,737,False,
HPA051239_SBA3_rep1,738,False,
HPA069364_SBA4_rep1,739,False,
HPA053433_SBA4_rep1,740,False,
HPA021282_SBA2_rep1,741,False,
HPA021921_SBA2_rep1,742,False,
HPA067522_SBA3_rep1,743,False,
HPA024035_SBA2_rep1,744,False,
HPA069175_SBA3_rep1,745,False,
HPA028550_SBA2_rep1,746,False,
HPA056897_SBA4_rep1,747,False,
HPA006240_SBA2_rep1,748,False,
HPA003948_SBA2_rep1,749,False,
HPA077434_SBA2_rep1,750,False,
HPA003883_SBA2_rep1,751,False,
HPA042788_SBA2_rep1,752,False,
HPA058538_SBA4_rep1,753,False,
HPA048884_SBA4_rep1,754,False,
HPA066946_SBA4_rep1,755,False,
HPA046115_SBA3_rep1,756,False,
HPA013371_SBA2_rep1,757,False,
HPA046641_SBA3_rep1,758,False,
HPA017017_SBA2_rep1,759,False,
HPA047739_SBA3_rep1,760,False,
HPA019678_SBA2_rep1,761,False,
HPA050298_SBA3_rep1,762,False,
Empty_SBA2_rep1,763,False,
HPA051235_SBA3_rep1,764,False,
HPA029675_SBA2_rep1,765,False,
HPA070003_SBA4_rep1,766,False,
HPA035428_SBA2_rep1,767,False,
HPA074892_SBA4_rep1,768,False,
HPA035915_SBA2_rep1,769,False,
HPA027735_SBA4_rep1,770,False,
HPA039223_SBA2_rep1,771,False,
HPA047221_SBA4_rep1,772,False,
HPA054079_SBA2_rep1,773,False,
HPA056003_SBA4_rep1,774,False,
HPA055893_SBA2_rep1,775,False,
HPA061433_SBA4_rep1,776,False,
HPA004712_SBA3_rep1,777,False,
HPA043605_SBA3_rep1,778,False,
HPA044723_SBA2_rep1,779,False,
HPA008999_SBA2_rep1,780,False,
HPA011948_SBA2_rep1,781,False,
HPA061969_SBA2_rep1,782,False,
HPA077663_SBA3_rep1,783,False,
HPA065923_SBA2_rep1,784,False,
HPA078846_SBA3_rep1,785,False,
HPA071236_SBA2_rep1,786,False,
HPA042935_SBA3_rep1,787,False,
HPA008057_SBA2_rep1,788,False,
HPA046269_SBA3_rep1,789,False,
HPA001554_SBA2_rep1,790,False,
HPA010953_SBA4_rep1,791,False,
HPA029564_SBA2_rep1,792,False,
HPA008813_SBA4_rep1,793,False,
HPA034739_SBA2_rep1,794,False,
HPA007427_SBA4_rep1,795,False,
HPA038051_SBA2_rep1,796,False,
HPA002695_SBA4_rep1,797,False,
HPA042682_SBA2_rep1,798,False,
HPA035248_SBA4_rep1,799,False,
HPA054125_SBA2_rep1,800,False,
HPA067333_SBA4_rep1,801,False,
HPA056896_SBA2_rep1,802,False,
HPA069511_SBA4_rep1,803,False,
HPA058781_SBA2_rep1,804,False,
HPA046152_SBA4_rep1,805,False,
HPA065997_SBA2_rep1,806,False,
HPA062066_SBA2_rep1,807,False,
HPA035933_SBA2_rep1,808,False,
HPA040304_SBA2_rep1,809,False,
HPA008848_SBA2_rep1,810,False,
HPA046444_SBA4_rep1,811,False,
HPA007499_SBA2_rep1,812,False,
HPA015236_SBA4_rep1,813,False,
HPA023371_SBA4_rep1,814,False,
HPA056108_SBA4_rep1,815,False,
HPA058470_SBA2_rep1,816,False,
HPA051783_SBA4_rep1,817,False,
HPA074835_SBA3_rep1,818,False,
HPA036894_SBA2_rep1,819,False,
HPA056478_SBA3_rep1,820,False,
HPA038460_SBA2_rep1,821,False,
HPA002868_SBA3_rep1,822,False,
HPA044252_SBA2_rep1,823,False,
HPA004132_SBA3_rep1,824,False,
HPA054276_SBA2_rep1,825,False,
HPA061318_SBA2_rep1,826,False,
HPA048230_SBA4_rep1,827,False,
HPA045205_SBA3_rep1,828,False,
HPA059479_SBA2_rep1,829,False,
HPA065600_SBA2_rep1,830,False,
HPA043942_SBA4_rep1,831,False,
HPA025030_SBA4_rep1,832,False,
HPA068011_SBA2_rep1,833,False,
Rabbit.IgG_SBA2_rep1,834,False,
Rabbit.IgG_SBA4_rep1,835,False,
HPA010081_SBA4_rep1,836,False,
HPA011938_SBA2_rep1,837,False,
HPA064736_SBA4_rep1,838,False,
HPA000926_SBA2_rep1,839,False,
HPA013316_SBA4_rep1,840,False,
HPA028943_SBA2_rep1,841,False,
HPA008128_SBA4_rep1,842,False,
HPA037589_SBA2_rep1,843,False,
HPA028190_SBA4_rep1,844,False,
HPA038904_SBA2_rep1,845,False,
HPA053243_SBA2_rep1,846,False,
HPA001526_SBA4_rep1,847,False,
HPA002021_SBA4_rep1,848,False,
HPA054241_SBA2_rep1,849,False,
HPA007714_SBA4_rep1,850,False,
HPA057655_SBA2_rep1,851,False,
HPA013390_SBA4_rep1,852,False,
HPA059637_SBA2_rep1,853,False,
HPA028657_SBA4_rep1,854,False,
HPA063296_SBA2_rep1,855,False,
HPA001611_SBA4_rep1,856,False,
HPA069116_SBA2_rep1,857,False,
HPA007316_SBA4_rep1,858,False,
HPA049021_SBA4_rep1,859,False,
HPA002881_SBA2_rep1,860,False,
HPA053655_SBA4_rep1,861,False,
HPA015515_SBA2_rep1,862,False,
HPA058460_SBA4_rep1,863,False,
HPA034635_SBA2_rep1,864,False,
HPA045381_SBA4_rep1,865,False,
HPA036564_SBA2_rep1,866,False,
HPA048823_SBA4_rep1,867,False,
HPA052171_SBA4_rep1,868,False,
HPA030891_SBA2_rep1,869,False,
HPA055148_SBA2_rep1,870,False,
HPA047519_SBA2_rep1,871,False,
HPA035790_SBA2_rep1,872,False,
HPA061083_SBA2_rep1,873,False,
HPA021187_SBA2_rep1,874,False,
HPA000288_SBA2_rep1,875,False,
HPA034696_SBA2_rep1,876,False,
HPA028105_SBA4_rep1,877,False,
HPA043870_SBA4_rep1,878,False,
HPA040786_SBA2_rep1,879,False,
HPA019039_SBA2_rep1,880,False,
HPA019472_SBA2_rep1,881,False,
HPA028423_SBA2_rep1,882,False,
HPA011905_SBA2_rep1,883,False,
HPA001275_SBA2_rep1,884,False,
HPA031625_SBA2_rep1,885,False,
HPA023632_SBA2_rep1,886,False,
HPA066847_SBA2_rep1,887,False,
HPA018793_SBA2_rep1,888,False,
HPA003345_SBA2_rep1,889,False,
HPA024638_SBA2_rep1,890,False,
HPA011868_SBA2_rep1,891,False,
HPA010718_SBA2_rep1,892,False,
HPA045095_SBA2_rep1,893,False,
HPA022935_SBA2_rep1,894,False,
HPA043227_SBA2_rep1,895,False,
HPA037915_SBA2_rep1,896,False,
HPA067102_SBA2_rep1,897,False,
HPA055259_SBA2_rep1,898,False,
HPA018139_SBA2_rep1,899,False,
HPA073283_SBA2_rep1,900,False,
HPA059180_SBA2_rep1,901,False,
HPA064736_SBA2_rep1,902,False,
HPA039435_SBA2_rep1,903,False,
HPA072606_SBA2_rep1,904,False,
HPA003901_SBA2_rep1,905,False,
HPA044620_SBA2_rep1,906,False,
HPA011246_SBA2_rep1,907,False,
HPA011101_SBA2_rep1,908,False,
HPA037782_SBA2_rep1,909,False,
HPA011135_SBA2_rep1,910,False,
HPA000798_SBA2_rep1,911,False,
